Name,Birth_Month,Gender,Pass_Division
Mudit Chauhan, December, M, III
Seema Chopra, January, F ,II
Rani Gupta, March, F ,I
Aditya Narayan ,October, M ,I
Sanjeev Sahni, February, M, II
Prakash Kumar, December, M ,III
Ritu Agarwal, September, F, I
Akshay Goel, August ,M ,I
Meeta Kulkarni ,July, F, II
Preeti Ahuja, November, F ,II
Sunil Das Gupta, April, M ,III
 Sonali Sapre, January, F ,I
Rashmi Talwar, June ,F, III
Ashish Dubey ,May, M ,II
Kiran Sharma ,February, F, II
Sameer Bansal, October, M, I
